[{
    "reserva_id": "RES789012",
    "hotel": {
      "id": "H456",
      "nombre": "Hotel Costa Azul",
      "ciudad": "Palma"
    },
    "check_in": "2025-10-15",
    "check_out": "2025-10-18",
    "huesped_principal": {
      "nombre": "Ana",
      "apellido": "Gómez",
      "email": "ana.gomez@example.com"
    },
    "habitaciones_reservadas": [
      {
        "tipo_habitacion": "Individual Estándar",
        "huespedes_adultos": 1,
        "precio_noche": 85.00
      }
    ],
    "moneda": "EUR",
    "estado": "Confirmada"
}]